{"user":[{"name":"Test User","email":"tester@comp3170.com","password":"Testpassw0rd"}],"0":{"name":"Grayson Alleyne","email":"graysonalleyne@gmail.com","password":"$2y$10$6Ue39x7fDnlKC6vjC10sE.oinW4Is9WnBji0OG1cxXaCmm2FhLZTu"},"1":{"name":"Elle Clarke","email":"elleclarke@hotmail.com","password":"$2y$10$PEIon\/zJPI4dEwjQvgtTauSwm7cTEYsQhtU\/6mqYd8lVmsh54pxkK"},"2":{"name":"Test User","email":"tester@comp3170.com","password":"$2y$10$DnGh1L2e5Htv9qHARixv.eFQmFaD783tOySrpDEcaykE4DAq50u8O"},"3":{"name":"Amelia Grey","email":"AmeliaGrey@gmail.com","password":"$2y$10$3ccq3OKS8LgaGkP3Gvrg\/.shTK3oT4eWdH2TbZHzaXXKoDJE3tijK"},"4":{"name":"Amelia Grey","email":"AmeliaGrey@gmail.com","password":"$2y$10$4lmQFgJIZolfPNwOg28yleeiNZE9mDkJYZURhQiAqrolTbx.RdsTC"}}