{"user":[{"name":"Test User","email":"tester@comp3170.com","password":"Testpassw0rd"}],"0":{"name":"Grayson Alleyne","email":"graysonalleyne@gmail.com","password":"Password12"},"1":{"name":"Elle Clarke","email":"elleclarke@hotmail.com","password":"Password32"},"2":{"name":"Test User","email":"tester@comp3170.com","password":"Testpassw0rd"},"3":{"name":"Amelia Grey","email":"AmeliaGrey@gmail.com","password":"Password90"},"4":{"name":"Amelia Grey","email":"AmeliaGrey@gmail.com","password":"Password90"}}